image_path,label
11413.jpg,unknown
50965.jpg,fra-eng
29117.jpg,bra-par
65219.jpg,tot-che
91324.jpg,cro-por
47841.jpg,unknown
16966.jpg,unknown
27121.jpg,arg-par
94721.jpg,unknown
11846.jpg,chi-per
4785.jpg,hun-bel
28199.jpg,unknown
54998.jpg,unknown
43633.jpg,zam-cod
37877.jpg,ita-roi
53247.jpg,unknown
88561.jpg,irq-uae
17257.jpg,unknown
73481.jpg,cry-mnu
86408.jpg,unknown
87630.jpg,irq-uae
18258.jpg,unknown
28979.jpg,bra-par
72550.jpg,unknown
46734.jpg,unknown
21263.jpg,unknown
86484.jpg,unknown
31591.jpg,cod-eqg
52137.jpg,fra-eng
8427.jpg,arg-par
72745.jpg,unknown
20940.jpg,unknown
90607.jpg,cro-por
47335.jpg,unknown
23014.jpg,eng-isl
6364.jpg,arg-col
57874.jpg,aus-ger
89105.jpg,irq-uae
55185.jpg,eng-wal
81718.jpg,kor-irq
95008.jpg,isl-aut
9418.jpg,arg-par
98005.jpg,isl-aut
65490.jpg,unknown
39269.jpg,unknown
84355.jpg,eng-isl
6963.jpg,arg-col
64721.jpg,tot-che
99533.jpg,rou-alb
25694.jpg,unknown
14858.jpg,rou-alb
25944.jpg,arg-col
84257.jpg,eng-isl
24632.jpg,unknown
68077.jpg,svk-eng
94338.jpg,cro-por
79960.jpg,kor-irq
56905.jpg,unknown
2102.jpg,unknown
46736.jpg,unknown
62963.jpg,tot-che
97994.jpg,isl-aut
47301.jpg,unknown
65132.jpg,tot-che
44810.jpg,zam-cod
56698.jpg,unknown
38784.jpg,civ-gha
47839.jpg,unknown
87783.jpg,irq-uae
47773.jpg,civ.gha
48837.jpg,eng-rus
38693.jpg,civ-gha
19928.jpg,bra-ger
5878.jpg,hun-bel
33634.jpg,eqg-cgo
63430.jpg,tot-che
47863.jpg,unknown
90036.jpg,unknown
75088.jpg,cry-mnu
30896.jpg,chi-per
55029.jpg,unknown
54518.jpg,eng-wal
47367.jpg,unknown
41016.jpg,ger-fra
14544.jpg,rou-alb
21821.jpg,unknown
79922.jpg,kor-irq
87276.jpg,irq-uae
47688.jpg,unknown
6184.jpg,unknown
64385.jpg,tot-che
38741.jpg,civ-gha
73380.jpg,cry-mnu
15232.jpg,unknown
2.jpg,unknown
44894.jpg,zam-cod
62472.jpg,tot-che
86474.jpg,unknown
2101.jpg,unknown
67718.jpg,svk-eng
17833.jpg,bra-ger
45366.jpg,unknown
59530.jpg,aus-ger
57211.jpg,aus-ger
62020.jpg,unknown
78606.jpg,irn-irq
87942.jpg,irq-uae
3880.jpg,hun-bel
95361.jpg,isl-aut
18619.jpg,unknown
40348.jpg,eng-ice
98079.jpg,unknown
25889.jpg,arg-col
17508.jpg,unknown
99018.jpg,rou-alb
77958.jpg,irn-irq
18953.jpg,unknown
96755.jpg,isl-aut
37896.jpg,ita-roi
77868.jpg,irn-irq
80664.jpg,kor-irq
82858.jpg,unknown
48374.jpg,eng-rus
95779.jpg,isl-aut
14530.jpg,rou-alb
14969.jpg,rou-alb
13624.jpg,rou-alb
36957.jpg,ita-roi
23149.jpg,eng-ice
66724.jpg,svk-eng
62009.jpg,unknown
15639.jpg,wal-nir
83648.jpg,ger-svk
69069.jpg,unknown
97148.jpg,unknown
21055.jpg,unknown
61659.jpg,unknown
15286.jpg,eng-ice
18842.jpg,unknown
657.jpg,wal-nir
21054.jpg,unknown
61843.jpg,swa-mun
77862.jpg,irn-irq
61735.jpg,swa-mun
52071.jpg,ger-fra
98777.jpg,rou-alb
35314.jpg,unknown
36225.jpg,ger-fra
69071.jpg,unknown
15645.jpg,wal-nir
13860.jpg,rou-alb
58989.jpg,aus-ger
98966.jpg,rou-alb
80665.jpg,kor-irq
17931.jpg,unknown
4237.jpg,unknown
61932.jpg,unknown
7599.jpg,arg-col
17169.jpg,ger-swe
95778.jpg,isl-aut
91218.jpg,cro-por
85942.jpg,eng-isl
14238.jpg,rou-alb
86486.jpg,unknown
78316.jpg,irn-irq
99625.jpg,hun-bel
17228.jpg,egy-swe
85301.jpg,eng-isl
94074.jpg,cro-por
94558.jpg,unknown
40126.jpg,eng-ice
97344.jpg,isl-aut
69084.jpg,unknown
38103.jpg,ita-roi
98675.jpg,rou-alb
98945.jpg,rou-alb
81823.jpg,kor-irq
42502.jpg,unknown
95364.jpg,isl-aut
41704.jpg,ger-fra
10061.jpg,bra-par
14717.jpg,rou-alb
35829.jpg,isl-hun
93413.jpg,cro-por
68268.jpg,svk-eng
76148.jpg,ger-svk
78607.jpg,irn-irq
20468.jpg,bra-ger
77867.jpg,irn-irq
77495.jpg,irn-irq
58360.jpg,aus-ger
10062.jpg,bra-par
78608.jpg,irn-irq
91479.jpg,cro-por
41260.jpg,ger-fra
13523.jpg,rou-alb
63092.jpg,unknown
80884.jpg,kor-irq
72730.jpg,unknown
44037.jpg,ger-fra
73512.jpg,cry-mnu
65831.jpg,svk-eng
89651.jpg,irq-uae
95371.jpg,ger-svk
92412.jpg,cro-por
34133.jpg,unknown
83435.jpg,eng-isl
44510.jpg,zam-cod
54268.jpg,eng-wal
41185.jpg,per-par
91888.jpg,unknown
47228.jpg,civ-gha
93746.jpg,unknown
32191.jpg,cod-eqg
39736.jpg,civ-gha
15592.jpg,wal-nir
23403.jpg,tun-cpv
67826.jpg,ger-svk
23913.jpg,tun-cpv
14188.jpg,rou-alb
16148.jpg,wal-nir
51840.jpg,fra-eng
31742.jpg,cod-eqg
86611.jpg,irq-uae
1796.jpg,wal-nir
54267.jpg,eng-wal
15272.jpg,unknown
42845.jpg,unknown
42341.jpg,tun-cpv
43934.jpg,zam-cod
42347.jpg,tun-cpv
87954.jpg,irq-uae
78170.jpg,ger-svk
72744.jpg,unknown
96092.jpg,ger-svk
81029.jpg,unknown
34572.jpg,eqg-cgo
44534.jpg,zam-cod
42009.jpg,unknown
44092.jpg,ger-fra
60944.jpg,swa-mun
58679.jpg,aus-ger
42342.jpg,tun-cpv
79745.jpg,kor-irq
34101.jpg,unknown
84101.jpg,eng-isl
17364.jpg,unknown
15305.jpg,wal-nir
69253.jpg,mci-eve
3045.jpg,zam-cod
45714.jpg,civ-gha
2400.jpg,zam-cod
39739.jpg,civ-gha
63454.jpg,tot-che
81028.jpg,unknown
47106.jpg,civ-gha
75781.jpg,ger-svk
42343.jpg,tun-cpv
81654.jpg,kor-irq
24602.jpg,tun-cpv
59221.jpg,aus-ger
93461.jpg,unknown
87592.jpg,irq-uae
34102.jpg,unknown
69078.jpg,unknown
65487.jpg,unknown
454.jpg,wal-nir
15634.jpg,wal-nir
52897.jpg,fra-eng
56863.jpg,unknown
43911.jpg,zam-cod
87585.jpg,irq-uae
8494.jpg,arg-par
69045.jpg,unknown
53844.jpg,eng-wal
41616.jpg,unknown
42833.jpg,tun-cpv
1124.jpg,wal-nir
15997.jpg,wal-nir
60906.jpg,swa-mun
75525.jpg,cry-mnu
16468.jpg,wal-nir
42834.jpg,tun-cpv
79302.jpg,irn-irq
44468.jpg,unknown
24651.jpg,tun-cpv
63675.jpg,tot-che
54517.jpg,eng-wal
85732.jpg,eng-isl
18730.jpg,unknown
21078.jpg,unknown
30898.jpg,chi-per
83608.jpg,eng-isl
88164.jpg,unknown
62485.jpg,tot-che
42846.jpg,unknown
41701.jpg,tun-cpv
93481.jpg,cro-por
21077.jpg,unknown
47061.jpg,civ-gha
56047.jpg,eng-wal
82409.jpg,kor-irq
28112.jpg,arg-par
86368.jpg,unknown
79806.jpg,kor-irq
87177.jpg,irq-uae
38232.jpg,unknown
17778.jpg,bra-ger
33966.jpg,eqg-cgo
27342.jpg,arg-par
51185.jpg,unknown
23062.jpg,per-par
19250.jpg,bra-ger
81839.jpg,kor-irq
73661.jpg,cry-mnu
82401.jpg,kor-irq
17780.jpg,bra-ger
47843.jpg,unknown
67477.jpg,svk-eng
40285.jpg,per-par
82408.jpg,kor-irq
47858.jpg,unknown
68595.jpg,svk-eng
74093.jpg,cry-mnu
46552.jpg,unknown
41567.jpg,unknown
19676.jpg,bra-ger
18590.jpg,bra-ger
59184.jpg,aus-ger
8045.jpg,arg-par
17211.jpg,esp-uru
87178.jpg,irq-uae
21233.jpg,cri-cie
45552.jpg,unknown
80373.jpg,kor-irq
11630.jpg,unknown
90653.jpg,cro-por
20053.jpg,unknown
70800.jpg,unknown
9722.jpg,unknown
69136.jpg,mci-eve
45553.jpg,unknown
85078.jpg,eng-isl
28181.jpg,unknown
26038.jpg,unknown
19320.jpg,unknown
43721.jpg,zam-cod
56766.jpg,unknown
19181.jpg,bra-ger
12235.jpg,chi-per
79237.jpg,unknown
56519.jpg,eng-wal
39069.jpg,unknown
17155.jpg,unknown
58196.jpg,aus-ger
93593.jpg,ger-svk
22163.jpg,per-par
12480.jpg,chi-per
53657.jpg,eng-wal
46553.jpg,unknown
87869.jpg,irq-uae
21130.jpg,ste-gaz
28449.jpg,bra-par
14372.jpg,rou-alb
69460.jpg,mci-eve
78242.jpg,irn-irq
46557.jpg,unknown
76082.jpg,unknown
61931.jpg,unknown
45194.jpg,civ-gha
82898.jpg,unknown
80516.jpg,kor-irq
38881.jpg,unknown
54586.jpg,eng-wal
944.jpg,wal-nir
55852.jpg,eng-wal
65380.jpg,tot-che
38242.jpg,unknown
83503.jpg,eng-isl
46883.jpg,unknown
41201.jpg,per-par
58539.jpg,unknown
48628.jpg,eng-rus
36613.jpg,ita-roi
82040.jpg,kor-irq
34329.jpg,eqg-cgo
55632.jpg,eng-wal
56054.jpg,eng-wal
95386.jpg,isl-aut
59163.jpg,aus-ger
21935.jpg,eng-bra
41878.jpg,unknown
17775.jpg,bra-ger
58890.jpg,aus-ger
84761.jpg,eng-isl
86229.jpg,unknown
85899.jpg,eng-isl
1824.jpg,wal-nir
27991.jpg,arg-par
53713.jpg,unknown
87723.jpg,irq-uae
15841.jpg,wal-nir
20682.jpg,unknown
49811.jpg,unknown
100000.jpg,rou-alb
49897.jpg,unknown
31659.jpg,ger-fra
79314.jpg,unknown
5360.jpg,hun-bel
21894.jpg,unknown
49870.jpg,unknown
12146.jpg,chi-per
67595.jpg,svk-eng
56792.jpg,eng-ice
28651.jpg,bra-par
45933.jpg,civ-gha
11369.jpg,bra-par
51650.jpg,fra-eng
94714.jpg,unknown
35134.jpg,unknown
12144.jpg,chi-per
37017.jpg,ita-roi
21216.jpg,cri-cie
14797.jpg,rou-alb
52610.jpg,fra-eng
11675.jpg,chi-per
9755.jpg,unknown
68046.jpg,svk-eng
72850.jpg,cry-mnu
25325.jpg,unknown
13571.jpg,rou-alb
46368.jpg,unknown
68472.jpg,svk-eng
13601.jpg,rou-alb
40767.jpg,per-par
31592.jpg,cod-eqg
66651.jpg,svk-eng
94720.jpg,unknown
61455.jpg,swa-mun
44284.jpg,unknown
47925.jpg,unknown
66756.jpg,svk-eng
8452.jpg,arg-par
27688.jpg,arg-par
66776.jpg,svk-eng
49863.jpg,unknown
14712.jpg,rou-alb
39708.jpg,civ-gha
20213.jpg,bra-ger
32871.jpg,cod-eqg
45712.jpg,civ-gha
63931.jpg,tot-che
8726.jpg,arg-par
14913.jpg,rou-alb
74779.jpg,cry-mnu
95575.jpg,isl-aut
62050.jpg,unknown
76159.jpg,ger-svk
49872.jpg,unknown
32202.jpg,cod-eqg
45313.jpg,civ-gha
86297.jpg,unknown
13030.jpg,chi-per
49862.jpg,unknown
26278.jpg,arg-col
97566.jpg,isl-aut
43960.jpg,zam-cod
94735.jpg,unknown
12065.jpg,chi-per
32051.jpg,cod-eqg
76907.jpg,irn-irq
61349.jpg,ger-fra
75534.jpg,cry-mnu
68842.jpg,svk-eng
53210.jpg,fra-eng
74819.jpg,cry-mnu
82897.jpg,unknown
45713.jpg,civ-gha
12143.jpg,chi-per
14792.jpg,rou-alb
12145.jpg,chi-per
28837.jpg,bra-par
31317.jpg,chi-per
78241.jpg,irn-irq
65398.jpg,tot-che
98763.jpg,rou-alb
21270.jpg,unknown
16143.jpg,wal-nir
33671.jpg,eqg-cgo
88577.jpg,irq-uae
8544.jpg,arg-par
358.jpg,wal-nir
82862.jpg,unknown
40364.jpg,per-par
41396.jpg,per-par
68445.jpg,svk-eng
58024.jpg,aus-ger
68766.jpg,svk-eng
22269.jpg,per-par
75275.jpg,cry-mnu
60278.jpg,unknown
15093.jpg,unknown
28451.jpg,bra-par
99.jpg,wal-nir
9723.jpg,unknown
56696.jpg,unknown
96739.jpg,isl-aut
46844.jpg,unknown
69367.jpg,mci-eve
46052.jpg,civ-gha
98262.jpg,rou-alb
74275.jpg,cry-mnu
60281.jpg,unknown
86241.jpg,unknown
37112.jpg,ita-roi
92658.jpg,cro-por
943.jpg,wal-nir
7913.jpg,unknown
86370.jpg,ger-svk
80272.jpg,kor-irq
62052.jpg,unknown
94710.jpg,unknown
16856.jpg,unknown
33372.jpg,eqg-cgo
79883.jpg,kor-irq
16039.jpg,wal-nir
69058.jpg,unknown
60279.jpg,unknown
62053.jpg,unknown
8462.jpg,arg-par
69047.jpg,unknown
60339.jpg,unknown
57853.jpg,aus-ger
73651.jpg,cry-mnu
86230.jpg,unknown
21135.jpg,ste-gaz
60274.jpg,unknown
72640.jpg,unknown
8900.jpg,arg-par
60184.jpg,aus-ger
63668.jpg,tot-che
60272.jpg,unknown
47034.jpg,civ-gha
60280.jpg,unknown
84153.jpg,eng-isl
33531.jpg,eqg-cgo
66548.jpg,ger-svk
66932.jpg,svk-eng
75246.jpg,cry-mnu
96219.jpg,isl-aut
9890.jpg,bra-par
72928.jpg,cry-mnu
36360.jpg,isl-hun
60277.jpg,unknown
9456.jpg,arg-par
60338.jpg,unknown
87020.jpg,irq-uae
60283.jpg,unknown
17200.jpg,pol-fra
45214.jpg,ger-fra
60273.jpg,unknown
29129.jpg,bra-par
21136.jpg,ste-gaz
94712.jpg,unknown
90919.jpg,cro-por
47484.jpg,unknown
82400.jpg,kor-irq
52695.jpg,fra-eng
61454.jpg,swa-mun
86428.jpg,unknown
61579.jpg,swa-mun
16861.jpg,unknown
16863.jpg,unknown
60275.jpg,unknown
94711.jpg,unknown
60284.jpg,unknown
52756.jpg,fra-eng
21133.jpg,ste-gaz
52110.jpg,fra-eng
81975.jpg,kor-irq
26722.jpg,arg-par
49480.jpg,eng-rus
74276.jpg,cry-mnu
60276.jpg,unknown
46549.jpg,unknown
86387.jpg,unknown
58210.jpg,aus-ger
92656.jpg,cro-por
21234.jpg,cri-cie
37767.jpg,ita-roi
41588.jpg,unknown
18542.jpg,unknown
97985.jpg,isl-aut
51892.jpg,ger-fra
98.jpg,wal-nir
94709.jpg,unknown
82727.jpg,kor-irq
40007.jpg,per-par
99655.jpg,rou-alb
99656.jpg,rou-alb
68399.jpg,svk-eng
86298.jpg,unknown
57596.jpg,aus-ger
59745.jpg,aus-ger
67479.jpg,svk-eng
86373.jpg,unknown
53209.jpg,fra-eng
93924.jpg,unknown
52085.jpg,fra-eng
46996.jpg,unknown
63674.jpg,tot-che
37883.jpg,ita-roi
62682.jpg,unknown
70700.jpg,mci-eve
63685.jpg,tot-che
6112.jpg,unknown
46550.jpg,unknown
13974.jpg,rou-alb
70735.jpg,mci-eve
61456.jpg,swa-mun
21217.jpg,cri-cie
60269.jpg,unknown
19298.jpg,unknown
1271.jpg,hun-bel
51842.jpg,fra-eng
64728.jpg,tot-che
57794.jpg,aus-ger
47148.jpg,ger-fra
95502.jpg,isl-aut
61942.jpg,unknown
17213.jpg,esp-uru
52817.jpg,fra-eng
89299.jpg,irq-uae
17667.jpg,bra-ger
97595.jpg,isl-aut
18592.jpg,bra-ger
70678.jpg,unknown
87792.jpg,eng-ice
43722.jpg,zam-cod
45170.jpg,ger-fra
19833.jpg,bra-ger
63706.jpg,unknown
17199.jpg,pol-fra
92902.jpg,unknown
75570.jpg,eng-ice
84695.jpg,eng-isl
29837.jpg,unknown
62104.jpg,unknown
47921.jpg,unknown
98045.jpg,unknown
26387.jpg,arg-col
58522.jpg,unknown
81197.jpg,kor-irq
94514.jpg,unknown
20526.jpg,unknown
55391.jpg,eng-wal
92897.jpg,cro-por
61457.jpg,swa-mun
21160.jpg,nac-liv
90046.jpg,unknown
68471.jpg,svk-eng
52606.jpg,fra-eng
17227.jpg,egy-swe
19248.jpg,bra-ger
88965.jpg,irq-uae
38241.jpg,unknown
7101.jpg,arg-col
37689.jpg,ita-roi
98432.jpg,rou-alb
70699.jpg,mci-eve
37988.jpg,ita-roi
28111.jpg,arg-par
70552.jpg,mci-eve
51009.jpg,fra-eng
17165.jpg,col-pol
45547.jpg,unknown
21069.jpg,unknown
64894.jpg,tot-che
82850.jpg,unknown
62925.jpg,tot-che
21057.jpg,unknown
83993.jpg,eng-isl
31502.jpg,unknown
63705.jpg,unknown
74363.jpg,unknown
93538.jpg,unknown
83853.jpg,eng-isl
3259.jpg,hun-bel
37857.jpg,ita-roi
86383.jpg,unknown
44404.jpg,ger-fra
36785.jpg,ita-roi
86013.jpg,eng-isl
63687.jpg,unknown
6613.jpg,arg-col
61625.jpg,swa-mun
56506.jpg,unknown
5623.jpg,hun-bel
86272.jpg,eng-ice
72732.jpg,unknown
78500.jpg,irn-irq
59986.jpg,aus-ger
2105.jpg,unknown
12209.jpg,chi-per
96972.jpg,isl-aut
26016.jpg,unknown
75745.jpg,cry-mnu
20611.jpg,unknown
33364.jpg,eqg-cgo
64572.jpg,tot-che
87016.jpg,irq-uae
23114.jpg,eng-ice
78498.jpg,irn-irq
52456.jpg,fra-eng
78499.jpg,irn-irq
63194.jpg,tot-che
89326.jpg,irq-uae
21667.jpg,unknown
73807.jpg,cry-mnu
38246.jpg,unknown
72072.jpg,mci-eve
93048.jpg,ger-svk
68966.jpg,unknown
49253.jpg,unknown
48515.jpg,unknown
2104.jpg,unknown
69217.jpg,mci-eve
17225.jpg,isl-egy
21128.jpg,ste-gaz
25439.jpg,arg-col
5008.jpg,hun-bel
44270.jpg,zam-cod
50369.jpg,fra-eng
17545.jpg,bra-ger
24479.jpg,tun-cpv
5841.jpg,hun-bel
68311.jpg,svk-eng
28004.jpg,unknown
75208.jpg,cry-mnu
46371.jpg,unknown
7013.jpg,arg-col
2108.jpg,unknown
51533.jpg,fra-eng
29553.jpg,bra-par
92392.jpg,cro-por
63467.jpg,tot-che
20372.jpg,bra-ger
72592.jpg,unknown
42718.jpg,tun-cpv
62841.jpg,tot-che
61545.jpg,swa-mun
99651.jpg,rou-alb
78240.jpg,irn-irq
59878.jpg,aus-ger
43958.jpg,zam-cod
38692.jpg,civ-gha
38646.jpg,civ-gha
83415.jpg,ger-svk
91280.jpg,unknown
58934.jpg,aus-ger
39707.jpg,civ-gha
74934.jpg,cry-mnu
58988.jpg,aus-ger
17226.jpg,isl-egy
61896.jpg,unknown
55166.jpg,eng-wal
55383.jpg,eng-wal
98981.jpg,unknown
66551.jpg,svk-eng
91474.jpg,unknown
20691.jpg,unknown
75501.jpg,unknown
37668.jpg,ita-roi
64065.jpg,tot-che
31648.jpg,ger-fra
62681.jpg,eng-ice
3138.jpg,zam-cod
82941.jpg,unknown
87959.jpg,ger-svk
38245.jpg,unknown
42719.jpg,unknown
66432.jpg,svk-eng
64470.jpg,tot-che
21174.jpg,nac-liv
84818.jpg,eng-isl
43748.jpg,ger-fra
55353.jpg,unknown
8442.jpg,arg-par
78097.jpg,irn-irq
49513.jpg,eng-rus
14935.jpg,rou-alb
72429.jpg,mci-eve
84222.jpg,unknown
36781.jpg,ita-roi
16648.jpg,unknown
46560.jpg,unknown
82917.jpg,unknown
56785.jpg,unknown
64064.jpg,tot-che
37986.jpg,ita-roi
73601.jpg,cry-mnu
70666.jpg,mci-eve
24636.jpg,unknown
34519.jpg,eqg-cgo
78948.jpg,ger-svk
72613.jpg,unknown
33965.jpg,eqg-cgo
51328.jpg,fra-eng
98937.jpg,unknown
87770.jpg,ger-svk
43301.jpg,unknown
61615.jpg,unknown
21222.jpg,cri-cie
13962.jpg,rou-alb
26044.jpg,arg-col
86346.jpg,unknown
88502.jpg,irq-uae
5348.jpg,unknown
38244.jpg,unknown
52620.jpg,unknown
83720.jpg,eng-isl
45554.jpg,unknown
69303.jpg,ger-svk
72639.jpg,unknown
89889.jpg,unknown
13968.jpg,rou-alb
53207.jpg,unknown
89908.jpg,unknown
88281.jpg,ger-svk
9654.jpg,unknown
33758.jpg,eqg-cgo
46706.jpg,unknown
20573.jpg,bra-ger
70803.jpg,unknown
72618.jpg,unknown
47806.jpg,unknown
56281.jpg,ger-fra
51036.jpg,unknown
15038.jpg,unknown
72310.jpg,mci-eve
7110.jpg,arg-col
87910.jpg,irq-uae
87977.jpg,irq-uae
47722.jpg,unknown
39915.jpg,unknown
58097.jpg,aus-ger
53211.jpg,fra-eng
54903.jpg,eng-ice
20982.jpg,unknown
21224.jpg,cri-cie
47807.jpg,unknown
45555.jpg,unknown
33864.jpg,eqg-cgo
39833.jpg,civ-gha
86302.jpg,unknown
17657.jpg,bra-ger
43320.jpg,zam-cod
62834.jpg,tot-che
33790.jpg,eqg-cgo
18412.jpg,bra-ger
44998.jpg,civ-gha
51035.jpg,unknown
56679.jpg,unknown
21260.jpg,unknown
34320.jpg,eqg-cgo
72619.jpg,unknown
83525.jpg,eng-isl
59129.jpg,aus-ger
33505.jpg,eqg-cgo
28136.jpg,arg-par
8406.jpg,arg-par
53213.jpg,fra-eng
43430.jpg,unknown
37545.jpg,ita-roi
67191.jpg,unknown
70802.jpg,unknown
31735.jpg,cod-eqg
19692.jpg,bra-ger
86365.jpg,unknown
47366.jpg,unknown
52252.jpg,unknown
2443.jpg,zam-cod
2508.jpg,zam-cod
30899.jpg,chi-per
65377.jpg,tot-che
21552.jpg,unknown
47211.jpg,unknown
97105.jpg,isl-aut
96320.jpg,unknown
32877.jpg,cod-eqg
46287.jpg,unknown
51846.jpg,fra-eng
94949.jpg,isl-aut
19183.jpg,bra-ger
86358.jpg,unknown
86448.jpg,unknown
51020.jpg,fra-eng
2628.jpg,zam-cod
97988.jpg,isl-aut
26713.jpg,arg-par
49875.jpg,unknown
38353.jpg,civ-gha
65587.jpg,unknown
74930.jpg,cry-mnu
65488.jpg,unknown
36383.jpg,unknown
69203.jpg,ger-svk
94707.jpg,unknown
51597.jpg,fra-eng
87937.jpg,ger-svk
5017.jpg,hun-bel
20836.jpg,unknown
14708.jpg,rou-alb
32560.jpg,cod-eqg
86376.jpg,unknown
16254.jpg,wal-nir
95395.jpg,isl-aut
97237.jpg,unknown
80143.jpg,kor-irq
947.jpg,wal-nir
5413.jpg,hun-bel
94753.jpg,unknown
96166.jpg,isl-aut
63083.jpg,tot-che
17229.jpg,unknown
65588.jpg,unknown
72576.jpg,unknown
67470.jpg,ger-svk
80412.jpg,kor-irq
34076.jpg,eqg-cgo
96892.jpg,unknown
89794.jpg,irq-uae
3370.jpg,zam-cod
65589.jpg,unknown
86369.jpg,unknown
18411.jpg,bra-ger
80761.jpg,kor-irq
14908.jpg,rou-alb
41383.jpg,per-par
87444.jpg,irq-uae
95503.jpg,isl-aut
24924.jpg,unknown
40293.jpg,ger-fra
43299.jpg,unknown
16656.jpg,unknown
47585.jpg,unknown
46555.jpg,unknown
6189.jpg,unknown
46362.jpg,unknown
21860.jpg,unknown
43290.jpg,unknown
23393.jpg,eng-ice
10341.jpg,bra-par
74032.jpg,cry-mnu
97502.jpg,isl-aut
99173.jpg,rou-alb
34569.jpg,eqg-cgo
98185.jpg,unknown
61899.jpg,unknown
48732.jpg,eng-rus
49522.jpg,eng-rus
46355.jpg,unknown
72549.jpg,unknown
53516.jpg,eng-wal
47045.jpg,unknown
68400.jpg,svk-eng
65586.jpg,unknown
84533.jpg,unknown
9720.jpg,unknown
87291.jpg,irq-uae
53384.jpg,unknown
48166.jpg,eng-rus
80083.jpg,kor-irq
15102.jpg,unknown
17490.jpg,bra-ger
34369.jpg,eqg-cgo
96399.jpg,isl-aut
65591.jpg,unknown
8827.jpg,eng-ice
20374.jpg,bra-ger
16251.jpg,wal-nir
95319.jpg,isl-aut
88850.jpg,irq-uae
17194.jpg,bra-sui
16037.jpg,wal-nir
21971.jpg,unknown
16476.jpg,wal-nir
76905.jpg,irn-irq
90251.jpg,cro-por
20837.jpg,unknown
73520.jpg,cry-mnu
65585.jpg,unknown
62732.jpg,tot-che
87893.jpg,irq-uae
49873.jpg,unknown
65590.jpg,unknown
62626.jpg,unknown
65619.jpg,unknown
59523.jpg,aus-ger
45516.jpg,unknown
