image_path,label
11413.jpg,unknown
50965.jpg,fra-eng
29117.jpg,bra-par
65219.jpg,tot-che
91324.jpg,cro-por
47841.jpg,unknown
16966.jpg,unknown
27121.jpg,arg-par
94721.jpg,unknown
11846.jpg,chi-per
4785.jpg,hun-bel
28199.jpg,unknown
54998.jpg,unknown
43633.jpg,zam-cod
37877.jpg,ita-roi
53247.jpg,unknown
88561.jpg,irq-uae
17257.jpg,unknown
73481.jpg,cry-mnu
86408.jpg,unknown
87630.jpg,irq-uae
18258.jpg,unknown
28979.jpg,bra-par
72550.jpg,unknown
46734.jpg,unknown
21263.jpg,unknown
86484.jpg,unknown
31591.jpg,cod-eqg
52137.jpg,fra-eng
8427.jpg,arg-par
72745.jpg,unknown
20940.jpg,unknown
90607.jpg,cro-por
47335.jpg,unknown
23014.jpg,eng-isl
6364.jpg,arg-col
57874.jpg,aus-ger
89105.jpg,irq-uae
55185.jpg,eng-wal
81718.jpg,kor-irq
95008.jpg,isl-aut
9418.jpg,arg-par
98005.jpg,isl-aut
65490.jpg,unknown
39269.jpg,unknown
84355.jpg,eng-isl
6963.jpg,arg-col
64721.jpg,tot-che
99533.jpg,rou-alb
25694.jpg,unknown
14858.jpg,rou-alb
25944.jpg,arg-col
84257.jpg,eng-isl
24632.jpg,unknown
68077.jpg,svk-eng
94338.jpg,cro-por
79960.jpg,kor-irq
56905.jpg,unknown
2102.jpg,unknown
46736.jpg,unknown
62963.jpg,tot-che
97994.jpg,isl-aut
47301.jpg,unknown
65132.jpg,tot-che
44810.jpg,zam-cod
56698.jpg,unknown
38784.jpg,civ-gha
47839.jpg,unknown
87783.jpg,irq-uae
38693.jpg,civ-gha
19928.jpg,bra-ger
5878.jpg,hun-bel
33634.jpg,eqg-cgo
63430.jpg,tot-che
47863.jpg,unknown
90036.jpg,unknown
75088.jpg,cry-mnu
30896.jpg,chi-per
55029.jpg,unknown
54518.jpg,eng-wal
47367.jpg,unknown
41016.jpg,ger-fra
14544.jpg,rou-alb
21821.jpg,unknown
79922.jpg,kor-irq
87276.jpg,irq-uae
47688.jpg,unknown
6184.jpg,unknown
64385.jpg,tot-che
38741.jpg,civ-gha
73380.jpg,cry-mnu
15232.jpg,unknown
2.jpg,unknown
44894.jpg,zam-cod
62472.jpg,tot-che
86474.jpg,unknown
2101.jpg,unknown
67718.jpg,svk-eng
17833.jpg,bra-ger
45366.jpg,unknown
59530.jpg,aus-ger
57211.jpg,aus-ger
62020.jpg,unknown
78606.jpg,irn-irq
87942.jpg,irq-uae
3880.jpg,hun-bel
95361.jpg,isl-aut
18619.jpg,unknown
40348.jpg,eng-ice
98079.jpg,unknown
25889.jpg,arg-col
17508.jpg,unknown
99018.jpg,rou-alb
77958.jpg,irn-irq
18953.jpg,unknown
96755.jpg,isl-aut
37896.jpg,ita-roi
77868.jpg,irn-irq
80664.jpg,kor-irq
82858.jpg,unknown
95779.jpg,isl-aut
14530.jpg,rou-alb
14969.jpg,rou-alb
13624.jpg,rou-alb
36957.jpg,ita-roi
23149.jpg,eng-ice
66724.jpg,svk-eng
62009.jpg,unknown
15639.jpg,wal-nir
83648.jpg,ger-svk
69069.jpg,unknown
97148.jpg,unknown
21055.jpg,unknown
61659.jpg,unknown
15286.jpg,eng-ice
18842.jpg,unknown
657.jpg,wal-nir
21054.jpg,unknown
61843.jpg,swa-mun
77862.jpg,irn-irq
61735.jpg,swa-mun
52071.jpg,ger-fra
98777.jpg,rou-alb
35314.jpg,unknown
36225.jpg,ger-fra
69071.jpg,unknown
15645.jpg,wal-nir
13860.jpg,rou-alb
58989.jpg,aus-ger
98966.jpg,rou-alb
80665.jpg,kor-irq
17931.jpg,unknown
4237.jpg,unknown
61932.jpg,unknown
7599.jpg,arg-col
95778.jpg,isl-aut
91218.jpg,cro-por
85942.jpg,eng-isl
14238.jpg,rou-alb
86486.jpg,unknown
78316.jpg,irn-irq
99625.jpg,hun-bel
85301.jpg,eng-isl
94074.jpg,cro-por
94558.jpg,unknown
40126.jpg,eng-ice
97344.jpg,isl-aut
69084.jpg,unknown
38103.jpg,ita-roi
98675.jpg,rou-alb
98945.jpg,rou-alb
81823.jpg,kor-irq
42502.jpg,unknown
95364.jpg,isl-aut
41704.jpg,ger-fra
10061.jpg,bra-par
14717.jpg,rou-alb
93413.jpg,cro-por
68268.jpg,svk-eng
76148.jpg,ger-svk
78607.jpg,irn-irq
20468.jpg,bra-ger
77867.jpg,irn-irq
77495.jpg,irn-irq
58360.jpg,aus-ger
10062.jpg,bra-par
78608.jpg,irn-irq
91479.jpg,cro-por
41260.jpg,ger-fra
13523.jpg,rou-alb
63092.jpg,unknown
80884.jpg,kor-irq
72730.jpg,unknown
44037.jpg,ger-fra
73512.jpg,cry-mnu
65831.jpg,svk-eng
89651.jpg,irq-uae
95371.jpg,ger-svk
92412.jpg,cro-por
34133.jpg,unknown
83435.jpg,eng-isl
44510.jpg,zam-cod
54268.jpg,eng-wal
41185.jpg,per-par
91888.jpg,unknown
47228.jpg,civ-gha
93746.jpg,unknown
32191.jpg,cod-eqg
39736.jpg,civ-gha
15592.jpg,wal-nir
23403.jpg,tun-cpv
67826.jpg,ger-svk
23913.jpg,tun-cpv
14188.jpg,rou-alb
16148.jpg,wal-nir
51840.jpg,fra-eng
31742.jpg,cod-eqg
86611.jpg,irq-uae
1796.jpg,wal-nir
54267.jpg,eng-wal
15272.jpg,unknown
42845.jpg,unknown
42341.jpg,tun-cpv
43934.jpg,zam-cod
42347.jpg,tun-cpv
87954.jpg,irq-uae
78170.jpg,ger-svk
72744.jpg,unknown
96092.jpg,ger-svk
81029.jpg,unknown
34572.jpg,eqg-cgo
44534.jpg,zam-cod
42009.jpg,unknown
44092.jpg,ger-fra
60944.jpg,swa-mun
58679.jpg,aus-ger
42342.jpg,tun-cpv
79745.jpg,kor-irq
34101.jpg,unknown
84101.jpg,eng-isl
17364.jpg,unknown
15305.jpg,wal-nir
69253.jpg,mci-eve
3045.jpg,zam-cod
45714.jpg,civ-gha
2400.jpg,zam-cod
39739.jpg,civ-gha
63454.jpg,tot-che
81028.jpg,unknown
47106.jpg,civ-gha
75781.jpg,ger-svk
42343.jpg,tun-cpv
81654.jpg,kor-irq
24602.jpg,tun-cpv
59221.jpg,aus-ger
93461.jpg,unknown
87592.jpg,irq-uae
34102.jpg,unknown
69078.jpg,unknown
65487.jpg,unknown
454.jpg,wal-nir
15634.jpg,wal-nir
52897.jpg,fra-eng
56863.jpg,unknown
43911.jpg,zam-cod
87585.jpg,irq-uae
8494.jpg,arg-par
69045.jpg,unknown
53844.jpg,eng-wal
41616.jpg,unknown
42833.jpg,tun-cpv
1124.jpg,wal-nir
15997.jpg,wal-nir
60906.jpg,swa-mun
75525.jpg,cry-mnu
16468.jpg,wal-nir
42834.jpg,tun-cpv
79302.jpg,irn-irq
44468.jpg,unknown
24651.jpg,tun-cpv
63675.jpg,tot-che
54517.jpg,eng-wal
85732.jpg,eng-isl
18730.jpg,unknown
21078.jpg,unknown
30898.jpg,chi-per
83608.jpg,eng-isl
88164.jpg,unknown
62485.jpg,tot-che
42846.jpg,unknown
41701.jpg,tun-cpv
93481.jpg,cro-por
21077.jpg,unknown
47061.jpg,civ-gha
56047.jpg,eng-wal
82409.jpg,kor-irq
28112.jpg,arg-par
86368.jpg,unknown
79806.jpg,kor-irq
87177.jpg,irq-uae
38232.jpg,unknown
17778.jpg,bra-ger
33966.jpg,eqg-cgo
27342.jpg,arg-par
51185.jpg,unknown
23062.jpg,per-par
19250.jpg,bra-ger
81839.jpg,kor-irq
73661.jpg,cry-mnu
82401.jpg,kor-irq
17780.jpg,bra-ger
47843.jpg,unknown
67477.jpg,svk-eng
40285.jpg,per-par
82408.jpg,kor-irq
47858.jpg,unknown
68595.jpg,svk-eng
74093.jpg,cry-mnu
46552.jpg,unknown
41567.jpg,unknown
19676.jpg,bra-ger
18590.jpg,bra-ger
59184.jpg,aus-ger
8045.jpg,arg-par
87178.jpg,irq-uae
45552.jpg,unknown
80373.jpg,kor-irq
11630.jpg,unknown
90653.jpg,cro-por
20053.jpg,unknown
70800.jpg,unknown
9722.jpg,unknown
69136.jpg,mci-eve
45553.jpg,unknown
85078.jpg,eng-isl
28181.jpg,unknown
26038.jpg,unknown
19320.jpg,unknown
43721.jpg,zam-cod
56766.jpg,unknown
19181.jpg,bra-ger
12235.jpg,chi-per
79237.jpg,unknown
56519.jpg,eng-wal
39069.jpg,unknown
17155.jpg,unknown
58196.jpg,aus-ger
93593.jpg,ger-svk
22163.jpg,per-par
12480.jpg,chi-per
53657.jpg,eng-wal
46553.jpg,unknown
87869.jpg,irq-uae
28449.jpg,bra-par
14372.jpg,rou-alb
69460.jpg,mci-eve
78242.jpg,irn-irq
46557.jpg,unknown
76082.jpg,unknown
61931.jpg,unknown
45194.jpg,civ-gha
82898.jpg,unknown
80516.jpg,kor-irq
38881.jpg,unknown
54586.jpg,eng-wal
944.jpg,wal-nir
55852.jpg,eng-wal
65380.jpg,tot-che
38242.jpg,unknown
83503.jpg,eng-isl
46883.jpg,unknown
41201.jpg,per-par
58539.jpg,unknown
36613.jpg,ita-roi
82040.jpg,kor-irq
34329.jpg,eqg-cgo
55632.jpg,eng-wal
56054.jpg,eng-wal
95386.jpg,isl-aut
59163.jpg,aus-ger
41878.jpg,unknown
17775.jpg,bra-ger
58890.jpg,aus-ger
84761.jpg,eng-isl
86229.jpg,unknown
85899.jpg,eng-isl
1824.jpg,wal-nir
27991.jpg,arg-par
53713.jpg,unknown
87723.jpg,irq-uae
15841.jpg,wal-nir
20682.jpg,unknown
49811.jpg,unknown
100000.jpg,rou-alb
49897.jpg,unknown
31659.jpg,ger-fra
79314.jpg,unknown
5360.jpg,hun-bel
21894.jpg,unknown
49870.jpg,unknown
12146.jpg,chi-per
67595.jpg,svk-eng
56792.jpg,eng-ice
28651.jpg,bra-par
45933.jpg,civ-gha
11369.jpg,bra-par
51650.jpg,fra-eng
94714.jpg,unknown
35134.jpg,unknown
12144.jpg,chi-per
37017.jpg,ita-roi
14797.jpg,rou-alb
52610.jpg,fra-eng
11675.jpg,chi-per
9755.jpg,unknown
68046.jpg,svk-eng
72850.jpg,cry-mnu
25325.jpg,unknown
13571.jpg,rou-alb
46368.jpg,unknown
68472.jpg,svk-eng
13601.jpg,rou-alb
40767.jpg,per-par
31592.jpg,cod-eqg
66651.jpg,svk-eng
94720.jpg,unknown
61455.jpg,swa-mun
44284.jpg,unknown
47925.jpg,unknown
66756.jpg,svk-eng
8452.jpg,arg-par
27688.jpg,arg-par
66776.jpg,svk-eng
49863.jpg,unknown
14712.jpg,rou-alb
39708.jpg,civ-gha
20213.jpg,bra-ger
32871.jpg,cod-eqg
45712.jpg,civ-gha
63931.jpg,tot-che
8726.jpg,arg-par
14913.jpg,rou-alb
74779.jpg,cry-mnu
95575.jpg,isl-aut
62050.jpg,unknown
76159.jpg,ger-svk
49872.jpg,unknown
32202.jpg,cod-eqg
45313.jpg,civ-gha
86297.jpg,unknown
13030.jpg,chi-per
49862.jpg,unknown
26278.jpg,arg-col
97566.jpg,isl-aut
43960.jpg,zam-cod
94735.jpg,unknown
12065.jpg,chi-per
32051.jpg,cod-eqg
76907.jpg,irn-irq
61349.jpg,ger-fra
75534.jpg,cry-mnu
68842.jpg,svk-eng
53210.jpg,fra-eng
74819.jpg,cry-mnu
82897.jpg,unknown
45713.jpg,civ-gha
12143.jpg,chi-per
14792.jpg,rou-alb
12145.jpg,chi-per
28837.jpg,bra-par
31317.jpg,chi-per
78241.jpg,irn-irq
65398.jpg,tot-che
98763.jpg,rou-alb
21270.jpg,unknown
16143.jpg,wal-nir
33671.jpg,eqg-cgo
88577.jpg,irq-uae
8544.jpg,arg-par
358.jpg,wal-nir
82862.jpg,unknown
40364.jpg,per-par
41396.jpg,per-par
68445.jpg,svk-eng
58024.jpg,aus-ger
68766.jpg,svk-eng
22269.jpg,per-par
75275.jpg,cry-mnu
60278.jpg,unknown
15093.jpg,unknown
28451.jpg,bra-par
99.jpg,wal-nir
9723.jpg,unknown
56696.jpg,unknown
96739.jpg,isl-aut
46844.jpg,unknown
69367.jpg,mci-eve
46052.jpg,civ-gha
98262.jpg,rou-alb
74275.jpg,cry-mnu
60281.jpg,unknown
86241.jpg,unknown
37112.jpg,ita-roi
92658.jpg,cro-por
943.jpg,wal-nir
7913.jpg,unknown
86370.jpg,ger-svk
80272.jpg,kor-irq
62052.jpg,unknown
94710.jpg,unknown
16856.jpg,unknown
33372.jpg,eqg-cgo
79883.jpg,kor-irq
16039.jpg,wal-nir
69058.jpg,unknown
60279.jpg,unknown
62053.jpg,unknown
8462.jpg,arg-par
69047.jpg,unknown
60339.jpg,unknown
57853.jpg,aus-ger
73651.jpg,cry-mnu
86230.jpg,unknown
60274.jpg,unknown
72640.jpg,unknown
8900.jpg,arg-par
60184.jpg,aus-ger
63668.jpg,tot-che
60272.jpg,unknown
47034.jpg,civ-gha
60280.jpg,unknown
84153.jpg,eng-isl
33531.jpg,eqg-cgo
66548.jpg,ger-svk
66932.jpg,svk-eng
75246.jpg,cry-mnu
96219.jpg,isl-aut
9890.jpg,bra-par
72928.jpg,cry-mnu
60277.jpg,unknown
9456.jpg,arg-par
60338.jpg,unknown
87020.jpg,irq-uae
60283.jpg,unknown
45214.jpg,ger-fra
60273.jpg,unknown
29129.jpg,bra-par
94712.jpg,unknown
90919.jpg,cro-por
47484.jpg,unknown
82400.jpg,kor-irq
52695.jpg,fra-eng
61454.jpg,swa-mun
86428.jpg,unknown
61579.jpg,swa-mun
16861.jpg,unknown
16863.jpg,unknown
60275.jpg,unknown
94711.jpg,unknown
60284.jpg,unknown
52756.jpg,fra-eng
52110.jpg,fra-eng
81975.jpg,kor-irq
26722.jpg,arg-par
74276.jpg,cry-mnu
60276.jpg,unknown
46549.jpg,unknown
86387.jpg,unknown
58210.jpg,aus-ger
92656.jpg,cro-por
37767.jpg,ita-roi
41588.jpg,unknown
18542.jpg,unknown
97985.jpg,isl-aut
51892.jpg,ger-fra
98.jpg,wal-nir
94709.jpg,unknown
82727.jpg,kor-irq
40007.jpg,per-par
99655.jpg,rou-alb
99656.jpg,rou-alb
68399.jpg,svk-eng
86298.jpg,unknown
57596.jpg,aus-ger
59745.jpg,aus-ger
67479.jpg,svk-eng
86373.jpg,unknown
53209.jpg,fra-eng
93924.jpg,unknown
52085.jpg,fra-eng
46996.jpg,unknown
63674.jpg,tot-che
37883.jpg,ita-roi
62682.jpg,unknown
70700.jpg,mci-eve
63685.jpg,tot-che
6112.jpg,unknown
46550.jpg,unknown
13974.jpg,rou-alb
70735.jpg,mci-eve
61456.jpg,swa-mun
60269.jpg,unknown
19298.jpg,unknown
1271.jpg,hun-bel
51842.jpg,fra-eng
64728.jpg,tot-che
57794.jpg,aus-ger
47148.jpg,ger-fra
95502.jpg,isl-aut
61942.jpg,unknown
52817.jpg,fra-eng
89299.jpg,irq-uae
17667.jpg,bra-ger
97595.jpg,isl-aut
18592.jpg,bra-ger
70678.jpg,unknown
87792.jpg,eng-ice
43722.jpg,zam-cod
45170.jpg,ger-fra
19833.jpg,bra-ger
63706.jpg,unknown
92902.jpg,unknown
75570.jpg,eng-ice
84695.jpg,eng-isl
29837.jpg,unknown
62104.jpg,unknown
47921.jpg,unknown
98045.jpg,unknown
26387.jpg,arg-col
58522.jpg,unknown
81197.jpg,kor-irq
94514.jpg,unknown
20526.jpg,unknown
55391.jpg,eng-wal
92897.jpg,cro-por
61457.jpg,swa-mun
90046.jpg,unknown
68471.jpg,svk-eng
52606.jpg,fra-eng
19248.jpg,bra-ger
88965.jpg,irq-uae
38241.jpg,unknown
7101.jpg,arg-col
37689.jpg,ita-roi
98432.jpg,rou-alb
70699.jpg,mci-eve
37988.jpg,ita-roi
28111.jpg,arg-par
70552.jpg,mci-eve
51009.jpg,fra-eng
45547.jpg,unknown
21069.jpg,unknown
64894.jpg,tot-che
82850.jpg,unknown
62925.jpg,tot-che
21057.jpg,unknown
83993.jpg,eng-isl
31502.jpg,unknown
63705.jpg,unknown
74363.jpg,unknown
93538.jpg,unknown
83853.jpg,eng-isl
3259.jpg,hun-bel
37857.jpg,ita-roi
86383.jpg,unknown
44404.jpg,ger-fra
36785.jpg,ita-roi
86013.jpg,eng-isl
63687.jpg,unknown
6613.jpg,arg-col
61625.jpg,swa-mun
56506.jpg,unknown
5623.jpg,hun-bel
86272.jpg,eng-ice
72732.jpg,unknown
78500.jpg,irn-irq
59986.jpg,aus-ger
2105.jpg,unknown
12209.jpg,chi-per
96972.jpg,isl-aut
26016.jpg,unknown
75745.jpg,cry-mnu
20611.jpg,unknown
33364.jpg,eqg-cgo
64572.jpg,tot-che
87016.jpg,irq-uae
23114.jpg,eng-ice
78498.jpg,irn-irq
52456.jpg,fra-eng
78499.jpg,irn-irq
63194.jpg,tot-che
89326.jpg,irq-uae
21667.jpg,unknown
73807.jpg,cry-mnu
38246.jpg,unknown
72072.jpg,mci-eve
93048.jpg,ger-svk
68966.jpg,unknown
49253.jpg,unknown
48515.jpg,unknown
2104.jpg,unknown
69217.jpg,mci-eve
25439.jpg,arg-col
5008.jpg,hun-bel
44270.jpg,zam-cod
50369.jpg,fra-eng
17545.jpg,bra-ger
24479.jpg,tun-cpv
5841.jpg,hun-bel
68311.jpg,svk-eng
28004.jpg,unknown
75208.jpg,cry-mnu
46371.jpg,unknown
7013.jpg,arg-col
2108.jpg,unknown
51533.jpg,fra-eng
29553.jpg,bra-par
92392.jpg,cro-por
63467.jpg,tot-che
20372.jpg,bra-ger
72592.jpg,unknown
42718.jpg,tun-cpv
62841.jpg,tot-che
61545.jpg,swa-mun
99651.jpg,rou-alb
78240.jpg,irn-irq
59878.jpg,aus-ger
43958.jpg,zam-cod
38692.jpg,civ-gha
38646.jpg,civ-gha
83415.jpg,ger-svk
91280.jpg,unknown
58934.jpg,aus-ger
39707.jpg,civ-gha
74934.jpg,cry-mnu
58988.jpg,aus-ger
61896.jpg,unknown
55166.jpg,eng-wal
55383.jpg,eng-wal
98981.jpg,unknown
66551.jpg,svk-eng
91474.jpg,unknown
20691.jpg,unknown
75501.jpg,unknown
37668.jpg,ita-roi
64065.jpg,tot-che
31648.jpg,ger-fra
62681.jpg,eng-ice
3138.jpg,zam-cod
82941.jpg,unknown
87959.jpg,ger-svk
38245.jpg,unknown
42719.jpg,unknown
66432.jpg,svk-eng
64470.jpg,tot-che
84818.jpg,eng-isl
43748.jpg,ger-fra
55353.jpg,unknown
8442.jpg,arg-par
78097.jpg,irn-irq
14935.jpg,rou-alb
72429.jpg,mci-eve
84222.jpg,unknown
36781.jpg,ita-roi
16648.jpg,unknown
46560.jpg,unknown
82917.jpg,unknown
56785.jpg,unknown
64064.jpg,tot-che
37986.jpg,ita-roi
73601.jpg,cry-mnu
70666.jpg,mci-eve
24636.jpg,unknown
34519.jpg,eqg-cgo
78948.jpg,ger-svk
72613.jpg,unknown
33965.jpg,eqg-cgo
51328.jpg,fra-eng
98937.jpg,unknown
87770.jpg,ger-svk
43301.jpg,unknown
61615.jpg,unknown
13962.jpg,rou-alb
26044.jpg,arg-col
86346.jpg,unknown
88502.jpg,irq-uae
5348.jpg,unknown
38244.jpg,unknown
52620.jpg,unknown
83720.jpg,eng-isl
45554.jpg,unknown
69303.jpg,ger-svk
72639.jpg,unknown
89889.jpg,unknown
13968.jpg,rou-alb
53207.jpg,unknown
89908.jpg,unknown
88281.jpg,ger-svk
9654.jpg,unknown
33758.jpg,eqg-cgo
46706.jpg,unknown
20573.jpg,bra-ger
70803.jpg,unknown
72618.jpg,unknown
47806.jpg,unknown
56281.jpg,ger-fra
51036.jpg,unknown
15038.jpg,unknown
72310.jpg,mci-eve
7110.jpg,arg-col
87910.jpg,irq-uae
87977.jpg,irq-uae
47722.jpg,unknown
39915.jpg,unknown
58097.jpg,aus-ger
53211.jpg,fra-eng
54903.jpg,eng-ice
20982.jpg,unknown
47807.jpg,unknown
45555.jpg,unknown
33864.jpg,eqg-cgo
39833.jpg,civ-gha
86302.jpg,unknown
17657.jpg,bra-ger
43320.jpg,zam-cod
62834.jpg,tot-che
33790.jpg,eqg-cgo
18412.jpg,bra-ger
44998.jpg,civ-gha
51035.jpg,unknown
56679.jpg,unknown
21260.jpg,unknown
34320.jpg,eqg-cgo
72619.jpg,unknown
83525.jpg,eng-isl
59129.jpg,aus-ger
33505.jpg,eqg-cgo
28136.jpg,arg-par
8406.jpg,arg-par
53213.jpg,fra-eng
43430.jpg,unknown
37545.jpg,ita-roi
67191.jpg,unknown
70802.jpg,unknown
31735.jpg,cod-eqg
19692.jpg,bra-ger
86365.jpg,unknown
47366.jpg,unknown
52252.jpg,unknown
2443.jpg,zam-cod
2508.jpg,zam-cod
30899.jpg,chi-per
65377.jpg,tot-che
21552.jpg,unknown
47211.jpg,unknown
97105.jpg,isl-aut
96320.jpg,unknown
32877.jpg,cod-eqg
46287.jpg,unknown
51846.jpg,fra-eng
94949.jpg,isl-aut
19183.jpg,bra-ger
86358.jpg,unknown
86448.jpg,unknown
51020.jpg,fra-eng
2628.jpg,zam-cod
97988.jpg,isl-aut
26713.jpg,arg-par
49875.jpg,unknown
38353.jpg,civ-gha
65587.jpg,unknown
74930.jpg,cry-mnu
65488.jpg,unknown
36383.jpg,unknown
69203.jpg,ger-svk
94707.jpg,unknown
51597.jpg,fra-eng
87937.jpg,ger-svk
5017.jpg,hun-bel
20836.jpg,unknown
14708.jpg,rou-alb
32560.jpg,cod-eqg
86376.jpg,unknown
16254.jpg,wal-nir
95395.jpg,isl-aut
97237.jpg,unknown
80143.jpg,kor-irq
947.jpg,wal-nir
5413.jpg,hun-bel
94753.jpg,unknown
96166.jpg,isl-aut
63083.jpg,tot-che
17229.jpg,unknown
65588.jpg,unknown
72576.jpg,unknown
67470.jpg,ger-svk
80412.jpg,kor-irq
34076.jpg,eqg-cgo
96892.jpg,unknown
89794.jpg,irq-uae
3370.jpg,zam-cod
65589.jpg,unknown
86369.jpg,unknown
18411.jpg,bra-ger
80761.jpg,kor-irq
14908.jpg,rou-alb
41383.jpg,per-par
87444.jpg,irq-uae
95503.jpg,isl-aut
24924.jpg,unknown
40293.jpg,ger-fra
43299.jpg,unknown
16656.jpg,unknown
47585.jpg,unknown
46555.jpg,unknown
6189.jpg,unknown
46362.jpg,unknown
21860.jpg,unknown
43290.jpg,unknown
23393.jpg,eng-ice
10341.jpg,bra-par
74032.jpg,cry-mnu
97502.jpg,isl-aut
99173.jpg,rou-alb
34569.jpg,eqg-cgo
98185.jpg,unknown
61899.jpg,unknown
46355.jpg,unknown
72549.jpg,unknown
53516.jpg,eng-wal
47045.jpg,unknown
68400.jpg,svk-eng
65586.jpg,unknown
84533.jpg,unknown
9720.jpg,unknown
87291.jpg,irq-uae
53384.jpg,unknown
80083.jpg,kor-irq
15102.jpg,unknown
17490.jpg,bra-ger
34369.jpg,eqg-cgo
96399.jpg,isl-aut
65591.jpg,unknown
8827.jpg,eng-ice
20374.jpg,bra-ger
16251.jpg,wal-nir
95319.jpg,isl-aut
88850.jpg,irq-uae
16037.jpg,wal-nir
21971.jpg,unknown
16476.jpg,wal-nir
76905.jpg,irn-irq
90251.jpg,cro-por
20837.jpg,unknown
73520.jpg,cry-mnu
65585.jpg,unknown
62732.jpg,tot-che
87893.jpg,irq-uae
49873.jpg,unknown
65590.jpg,unknown
62626.jpg,unknown
65619.jpg,unknown
59523.jpg,aus-ger
45516.jpg,unknown
78609.jpg,irn-irq
14617.jpg,rou-alb
42030.jpg,tun-cpv
24611.jpg,tun-cpv
98931.jpg,rou-alb
77863.jpg,irn-irq
77832.jpg,irn-irq
77864.jpg,irn-irq
77861.jpg,irn-irq
98297.jpg,rou-alb
42031.jpg,tun-cpv
77831.jpg,irn-irq
97691.jpg,isl-aut
78610.jpg,irn-irq
77843.jpg,irn-irq
42344.jpg,tun-cpv
78613.jpg,irn-irq
14631.jpg,rou-alb
14045.jpg,rou-alb
80388.jpg,kor-irq
17781.jpg,bra-ger
42032.jpg,tun-cpv
77844.jpg,irn-irq
42832.jpg,tun-cpv
77858.jpg,irn-irq
14641.jpg,rou-alb
77830.jpg,irn-irq
42101.jpg,rou-alb
14889.jpg,rou-alb
80389.jpg,kor-irq
14039.jpg,rou-alb
77847.jpg,irn-irq
77606.jpg,irn-irq
77860.jpg,irn-irq
42035.jpg,tun-cpv
78612.jpg,irn-irq
13511.jpg,rou-alb
14618.jpg,rou-alb
82623.jpg,kor-irq
77845.jpg,irn-irq
42352.jpg,tun-cpv
14046.jpg,rou-alb
80752.jpg,kor-irq
81930.jpg,kor-irq
78611.jpg,irn-irq
68368.jpg,svk-eng
14642.jpg,rou-alb
14041.jpg,rou-alb
78315.jpg,irn-irq
77846.jpg,irn-irq
14043.jpg,rou-alb
81181.jpg,kor-irq
14619.jpg,rou-alb
89117.jpg,irq-uae
14671.jpg,rou-alb
13597.jpg,rou-alb
43261.jpg,tun-cpv
24750.jpg,tun-cpv
87568.jpg,irq-uae
43256.jpg,tun-cpv
42022.jpg,tun-cpv
42505.jpg,tun-cpv
80385.jpg,kor-irq
42503.jpg,tun-cpv
42350.jpg,tun-cpv
78708.jpg,irn-irq
80366.jpg,kor-irq
42034.jpg,tun-cpv
24749.jpg,tun-cpv
80620.jpg,kor-irq
13623.jpg,rou-alb
81719.jpg,kor-irq
14625.jpg,rou-alb
44373.jpg,tun-cpv
24612.jpg,tun-cpv
76982.jpg,irn-irq
76984.jpg,irn-irq
42346.jpg,tun-cpv
24610.jpg,tun-cpv
24622.jpg,tun-cpv
40033.jpg,rou-alb
82612.jpg,kor-irq
57334.jpg,aus-ger
14613.jpg,rou-alb
13866.jpg,rou-alb
41706.jpg,tun-cpv
24623.jpg,tun-cpv
42033.jpg,tun-cpv
43251.jpg,tun-cpv
13517.jpg,rou-alb
42029.jpg,tun-cpv
42351.jpg,tun-cpv
43255.jpg,tun-cpv
98762.jpg,rou-alb
42679.jpg,tun-cpv
95539.jpg,isl-aut
24609.jpg,tun-cpv
14036.jpg,rou-alb
76985.jpg,irn-irq
42039.jpg,tun-cpv
14624.jpg,rou-alb
42509.jpg,tun-cpv
24620.jpg,tun-cpv
14639.jpg,rou-alb
43259.jpg,tun-cpv
77613.jpg,irn-irq
95540.jpg,isl-aut
42700.jpg,tun-cpv
14035.jpg,rou-alb
77849.jpg,irn-irq
42685.jpg,tun-cpv
77816.jpg,irn-irq
14629.jpg,rou-alb
95541.jpg,isl-aut
43252.jpg,tun-cpv
13516.jpg,rou-alb
13524.jpg,rou-alb
80387.jpg,kor-irq
24617.jpg,tun-cpv
14644.jpg,rou-alb
24608.jpg,tun-cpv
14622.jpg,rou-alb
76968.jpg,irn-irq
44363.jpg,tun-cpv
43244.jpg,tun-cpv
98765.jpg,rou-alb
42345.jpg,tun-cpv
81179.jpg,kor-irq
15003.jpg,rou-alb
24743.jpg,tun-cpv
14626.jpg,rou-alb
14612.jpg,rou-alb
13572.jpg,rou-alb
14038.jpg,rou-alb
14630.jpg,rou-alb
41694.jpg,tun-cpv
24745.jpg,tun-cpv
78580.jpg,irn-irq
42037.jpg,tun-cpv
95222.jpg,isl-aut
14640.jpg,rou-alb
14705.jpg,rou-alb
14669.jpg,rou-alb
43257.jpg,tun-cpv
14638.jpg,rou-alb
42811.jpg,tun-cpv
14884.jpg,rou-alb
78438.jpg,irn-irq
24619.jpg,tun-cpv
88562.jpg,irq-uae
24621.jpg,tun-cpv
79276.jpg,irn-irq
42314.jpg,tun-cpv
43118.jpg,tun-cpv
14044.jpg,rou-alb
42830.jpg,tun-cpv
80619.jpg,kor-irq
78184.jpg,irn-irq
58807.jpg,aus-ger
82611.jpg,kor-irq
42021.jpg,tun-cpv
14040.jpg,rou-alb
24744.jpg,tun-cpv
58787.jpg,aus-ger
82610.jpg,kor-irq
24618.jpg,tun-cpv
77607.jpg,irn-irq
14623.jpg,rou-alb
41705.jpg,tun-cpv
41692.jpg,tun-cpv
44896.jpg,tun-cpv
42696.jpg,tun-cpv
23347.jpg,tun-cpv
42829.jpg,tun-cpv
42810.jpg,tun-cpv
44242.jpg,tun-cpv
14670.jpg,rou-alb
14633.jpg,rou-alb
14022.jpg,rou-alb
14047.jpg,rou-alb
98673.jpg,rou-alb
42831.jpg,tun-cpv
81589.jpg,kor-irq
14288.jpg,rou-alb
41691.jpg,tun-cpv
41695.jpg,tun-cpv
24560.jpg,tun-cpv
42701.jpg,tun-cpv
13573.jpg,rou-alb
43318.jpg,rou-alb
41407.jpg,rou-alb
76980.jpg,irn-irq
24561.jpg,tun-cpv
44895.jpg,tun-cpv
43635.jpg,tun-cpv
23332.jpg,tun-cpv
98385.jpg,rou-alb
76182.jpg,irn-irq
13851.jpg,rou-alb
89115.jpg,irq-uae
32911.jpg,rou-alb
13645.jpg,rou-alb
216.jpg,wal-nir
44244.jpg,tun-cpv
14029.jpg,rou-alb
79338.jpg,irn-irq
44184.jpg,tun-cpv
14373.jpg,rou-alb
80138.jpg,kor-irq
82812.jpg,kor-irq
44374.jpg,tun-cpv
76519.jpg,irn-irq
44379.jpg,tun-cpv
44193.jpg,tun-cpv
77565.jpg,irn-irq
44356.jpg,tun-cpv
26284.jpg,rou-alb
76979.jpg,irn-irq
14856.jpg,rou-alb
44243.jpg,tun-cpv
43816.jpg,tun-cpv
17316.jpg,rou-alb
89131.jpg,irq-uae
15654.jpg,rou-alb
42250.jpg,tun-cpv
14647.jpg,rou-alb
80430.jpg,kor-irq
14860.jpg,rou-alb
23355.jpg,tun-cpv
41675.jpg,tun-cpv
81454.jpg,kor-irq
24600.jpg,tun-cpv
41676.jpg,tun-cpv
44186.jpg,tun-cpv
99613.jpg,rou-alb
24810.jpg,tun-cpv
24598.jpg,tun-cpv
99644.jpg,rou-alb
76520.jpg,irn-irq
17356.jpg,rou-alb
80978.jpg,kor-irq
42332.jpg,tun-cpv
44185.jpg,tun-cpv
79709.jpg,kor-irq
13602.jpg,rou-alb
89132.jpg,irq-uae
77508.jpg,irn-irq
14716.jpg,rou-alb
21514.jpg,rou-alb
87567.jpg,irq-uae
81118.jpg,kor-irq
43634.jpg,tun-cpv
42702.jpg,tun-cpv
98867.jpg,rou-alb
24601.jpg,tun-cpv
15099.jpg,rou-alb
97851.jpg,isl-aut
42020.jpg,tun-cpv
17172.jpg,rou-alb
44197.jpg,tun-cpv
77262.jpg,rou-alb
41888.jpg,tun-cpv
79135.jpg,irn-irq
99376.jpg,rou-alb
98672.jpg,rou-alb
14859.jpg,rou-alb
29253.jpg,rou-alb
77401.jpg,irn-irq
51691.jpg,fra-eng
46497.jpg,rou-alb
23356.jpg,tun-cpv
14378.jpg,rou-alb
42706.jpg,tun-cpv
76986.jpg,irn-irq
79353.jpg,irn-irq
42738.jpg,tun-cpv
42695.jpg,tun-cpv
24799.jpg,tun-cpv
98949.jpg,rou-alb
24599.jpg,tun-cpv
44398.jpg,tun-cpv
99846.jpg,rou-alb
81451.jpg,kor-irq
44364.jpg,tun-cpv
41927.jpg,tun-cpv
77608.jpg,irn-irq
42528.jpg,tun-cpv
14715.jpg,rou-alb
38703.jpg,tun-cpv
95542.jpg,isl-aut
16650.jpg,rou-alb
80386.jpg,kor-irq
68229.jpg,rou-alb
81180.jpg,kor-irq
41678.jpg,tun-cpv
77494.jpg,irn-irq
44194.jpg,tun-cpv
88560.jpg,irq-uae
79045.jpg,irn-irq
99520.jpg,rou-alb
78873.jpg,irn-irq
10366.jpg,rou-alb
24267.jpg,tun-cpv
24784.jpg,tun-cpv
24381.jpg,tun-cpv
76983.jpg,irn-irq
43639.jpg,tun-cpv
44377.jpg,tun-cpv
41833.jpg,tun-cpv
76969.jpg,irn-irq
24633.jpg,tun-cpv
44191.jpg,tun-cpv
81921.jpg,kor-irq
17354.jpg,rou-alb
78564.jpg,irn-irq
80306.jpg,kor-irq
43631.jpg,tun-cpv
18589.jpg,rou-alb
20698.jpg,kor-irq
13518.jpg,rou-alb
38743.jpg,tun-cpv
43632.jpg,tun-cpv
44201.jpg,tun-cpv
44241.jpg,tun-cpv
44378.jpg,tun-cpv
38735.jpg,tun-cpv
42068.jpg,tun-cpv
88973.jpg,irq-uae
77491.jpg,irn-irq
88543.jpg,irq-uae
14982.jpg,rou-alb
80431.jpg,kor-irq
88888.jpg,irq-uae
72218.jpg,rou-alb
23807.jpg,tun-cpv
88544.jpg,irq-uae
89817.jpg,irq-uae
42228.jpg,tun-cpv
44757.jpg,tun-cpv
89722.jpg,irq-uae
38733.jpg,tun-cpv
42451.jpg,tun-cpv
79965.jpg,kor-irq
89094.jpg,irq-uae
42527.jpg,tun-cpv
88532.jpg,irq-uae
76842.jpg,irn-irq
95138.jpg,isl-aut
38810.jpg,tun-cpv
92030.jpg,rou-alb
42739.jpg,tun-cpv
42803.jpg,tun-cpv
13977.jpg,rou-alb
89118.jpg,irq-uae
44842.jpg,tun-cpv
88542.jpg,irq-uae
88541.jpg,irq-uae
20774.jpg,rou-alb
79324.jpg,irn-irq
99264.jpg,rou-alb
78808.jpg,irn-irq
23374.jpg,tun-cpv
44914.jpg,tun-cpv
10328.jpg,rou-alb
43742.jpg,tun-cpv
76465.jpg,irn-irq
38734.jpg,tun-cpv
32794.jpg,rou-alb
45447.jpg,tun-cpv
42969.jpg,tun-cpv
46080.jpg,tun-cpv
79326.jpg,irn-irq
99993.jpg,rou-alb
78118.jpg,rou-alb
77997.jpg,irn-irq
89093.jpg,irq-uae
99912.jpg,rou-alb
59433.jpg,rou-alb
24223.jpg,tun-cpv
89816.jpg,irq-uae
17152.jpg,rou-alb
20696.jpg,kor-irq
14511.jpg,rou-alb
81072.jpg,kor-irq
43805.jpg,tun-cpv
10037.jpg,rou-alb
79339.jpg,irn-irq
17028.jpg,rou-alb
5804.jpg,irq-uae
17297.jpg,rou-alb
41408.jpg,rou-alb
23895.jpg,tun-cpv
99979.jpg,rou-alb
89140.jpg,irq-uae
98919.jpg,rou-alb
42229.jpg,tun-cpv
99648.jpg,rou-alb
76999.jpg,irn-irq
78809.jpg,irn-irq
44893.jpg,tun-cpv
45475.jpg,rou-alb
89116.jpg,irq-uae
43353.jpg,tun-cpv
80885.jpg,kor-irq
41729.jpg,tun-cpv
17236.jpg,tun-cpv
44427.jpg,tun-cpv
89617.jpg,irq-uae
20773.jpg,rou-alb
14666.jpg,rou-alb
44833.jpg,tun-cpv
42227.jpg,tun-cpv
44702.jpg,tun-cpv
44836.jpg,tun-cpv
10342.jpg,rou-alb
24336.jpg,tun-cpv
44843.jpg,tun-cpv
24470.jpg,tun-cpv
76435.jpg,irn-irq
10368.jpg,rou-alb
44838.jpg,tun-cpv
16782.jpg,rou-alb
76256.jpg,irn-irq
44542.jpg,tun-cpv
13562.jpg,rou-alb
89141.jpg,irq-uae
38813.jpg,tun-cpv
89133.jpg,irq-uae
45111.jpg,tun-cpv
77622.jpg,irn-irq
39299.jpg,tun-cpv
34366.jpg,tun-cpv
39306.jpg,tun-cpv
80767.jpg,kor-irq
88533.jpg,irq-uae
87162.jpg,irq-uae
39308.jpg,tun-cpv
44899.jpg,tun-cpv
44834.jpg,tun-cpv
23422.jpg,tun-cpv
42331.jpg,tun-cpv
44841.jpg,tun-cpv
80567.jpg,kor-irq
76535.jpg,irn-irq
57491.jpg,aus-ger
98528.jpg,rou-alb
87996.jpg,irq-uae
24489.jpg,tun-cpv
88545.jpg,irq-uae
77172.jpg,irn-irq
14244.jpg,rou-alb
80977.jpg,kor-irq
76450.jpg,irn-irq
88797.jpg,irq-uae
87786.jpg,irq-uae
89616.jpg,irq-uae
80682.jpg,kor-irq
79787.jpg,kor-irq
43629.jpg,tun-cpv
43630.jpg,tun-cpv
78810.jpg,irn-irq
80405.jpg,kor-irq
24322.jpg,tun-cpv
98556.jpg,rou-alb
44844.jpg,tun-cpv
44897.jpg,tun-cpv
24294.jpg,tun-cpv
78829.jpg,irn-irq
89818.jpg,irq-uae
17262.jpg,rou-alb
98772.jpg,rou-alb
92542.jpg,rou-alb
44333.jpg,tun-cpv
76988.jpg,irn-irq
39307.jpg,tun-cpv
88534.jpg,irq-uae
87377.jpg,irq-uae
98807.jpg,rou-alb
44898.jpg,tun-cpv
97953.jpg,isl-aut
96982.jpg,isl-aut
96736.jpg,isl-aut
97862.jpg,isl-aut
97850.jpg,isl-aut
44835.jpg,zam-cod
52202.jpg,fra-eng
87590.jpg,irq-uae
87596.jpg,irq-uae
89327.jpg,irq-uae
87754.jpg,irq-uae
87406.jpg,irq-uae
87866.jpg,irq-uae
89328.jpg,irq-uae
88524.jpg,irq-uae
87358.jpg,irq-uae
87574.jpg,irq-uae
89333.jpg,irq-uae
89754.jpg,irq-uae
87865.jpg,irq-uae
89615.jpg,irq-uae
88304.jpg,irq-uae
87744.jpg,irq-uae
87594.jpg,irq-uae
86901.jpg,irq-uae
88546.jpg,irq-uae
87573.jpg,irq-uae
88343.jpg,irq-uae
87627.jpg,irq-uae
89097.jpg,irq-uae
87743.jpg,irq-uae
89755.jpg,irq-uae
89102.jpg,irq-uae
87595.jpg,irq-uae
88523.jpg,irq-uae
87591.jpg,irq-uae
89809.jpg,irq-uae
82696.jpg,kor-irq
81095.jpg,kor-irq
82043.jpg,kor-irq
80465.jpg,kor-irq
81974.jpg,kor-irq
80976.jpg,kor-irq
79874.jpg,kor-irq
82041.jpg,kor-irq
99626.jpg,rou-alb
14606.jpg,rou-alb
13612.jpg,rou-alb
14147.jpg,rou-alb
29244.jpg,rou-alb
99865.jpg,rou-alb
21509.jpg,rou-alb
98529.jpg,rou-alb
14604.jpg,rou-alb
31373.jpg,rou-alb
99551.jpg,rou-alb
40981.jpg,rou-alb
14605.jpg,rou-alb
13605.jpg,rou-alb
40233.jpg,rou-alb
99007.jpg,rou-alb
41960.jpg,tun-cpv
42779.jpg,tun-cpv
42197.jpg,tun-cpv
41956.jpg,tun-cpv
47535.jpg,civ-gha
47312.jpg,civ-gha
47262.jpg,civ-gha
47346.jpg,civ-gha
45732.jpg,civ-gha
47438.jpg,civ-gha
45596.jpg,civ-gha
47030.jpg,civ-gha
45449.jpg,civ-gha
47528.jpg,civ-gha
45595.jpg,civ-gha
47261.jpg,civ-gha
47029.jpg,civ-gha
47704.jpg,civ-gha
45445.jpg,civ-gha
45446.jpg,civ-gha
47322.jpg,civ-gha
76846.jpg,irn-irq
78811.jpg,irn-irq
76836.jpg,irn-irq
77001.jpg,irn-irq
78768.jpg,irn-irq
78769.jpg,irn-irq
79340.jpg,irn-irq
78313.jpg,irn-irq
76844.jpg,irn-irq
78772.jpg,irn-irq
77685.jpg,irn-irq
79322.jpg,irn-irq
78765.jpg,irn-irq
78766.jpg,irn-irq
76841.jpg,irn-irq
78764.jpg,irn-irq
76847.jpg,irn-irq
78767.jpg,irn-irq
77004.jpg,irn-irq
77000.jpg,irn-irq
76845.jpg,irn-irq
15591.jpg,wal-nir
15816.jpg,wal-nir
94953.jpg,isl-aut
95771.jpg,isl-aut
33271.jpg,ger-fra
32759.jpg,ger-fra
52715.jpg,ger-fra
33282.jpg,ger-fra
29204.jpg,ger-fra
52426.jpg,ger-fra
52693.jpg,ger-fra
36259.jpg,ger-fra
52704.jpg,ger-fra
36270.jpg,ger-fra
43389.jpg,zam-cod
1982.jpg,zam-cod
44328.jpg,zam-cod
44323.jpg,zam-cod
44322.jpg,zam-cod
44817.jpg,zam-cod
43410.jpg,zam-cod
26205.jpg,arg-col
25098.jpg,arg-col
26425.jpg,arg-col
7091.jpg,arg-col
32978.jpg,cod-eqg
32982.jpg,cod-eqg
32979.jpg,cod-eqg
51594.jpg,fra-eng
51621.jpg,fra-eng
51047.jpg,fra-eng
62440.jpg,tot-che
88364.jpg,irq-uae
88616.jpg,irq-uae
87449.jpg,irq-uae
87882.jpg,irq-uae
86760.jpg,irq-uae
87194.jpg,irq-uae
89377.jpg,irq-uae
87405.jpg,irq-uae
87402.jpg,irq-uae
88457.jpg,irq-uae
88962.jpg,irq-uae
87583.jpg,irq-uae
88462.jpg,irq-uae
88615.jpg,irq-uae
87401.jpg,irq-uae
88350.jpg,irq-uae
87586.jpg,irq-uae
87404.jpg,irq-uae
88703.jpg,irq-uae
87584.jpg,irq-uae
87886.jpg,irq-uae
87983.jpg,irq-uae
89810.jpg,irq-uae
41411.jpg,arg-par
41410.jpg,arg-par
80080.jpg,kor-irq
80129.jpg,kor-irq
81000.jpg,kor-irq
80095.jpg,kor-irq
79427.jpg,kor-irq
79784.jpg,kor-irq
79941.jpg,kor-irq
79872.jpg,kor-irq
82042.jpg,kor-irq
82466.jpg,kor-irq
81013.jpg,kor-irq
80374.jpg,kor-irq
81735.jpg,kor-irq
81762.jpg,kor-irq
80472.jpg,kor-irq
81012.jpg,kor-irq
81195.jpg,kor-irq
81516.jpg,kor-irq
80180.jpg,kor-irq
81761.jpg,kor-irq
80376.jpg,kor-irq
82811.jpg,kor-irq
13600.jpg,rou-alb
99550.jpg,rou-alb
14714.jpg,rou-alb
13894.jpg,rou-alb
99630.jpg,rou-alb
14749.jpg,rou-alb
15007.jpg,rou-alb
13599.jpg,rou-alb
14607.jpg,rou-alb
99549.jpg,rou-alb
98585.jpg,rou-alb
4780.jpg,hun-bel
4047.jpg,hun-bel
5429.jpg,hun-bel
5673.jpg,hun-bel
10367.jpg,bra-par
11064.jpg,bra-par
24376.jpg,tun-cpv
42199.jpg,tun-cpv
42200.jpg,tun-cpv
24234.jpg,tun-cpv
24518.jpg,tun-cpv
23874.jpg,tun-cpv
41641.jpg,tun-cpv
41919.jpg,tun-cpv
47628.jpg,civ-gha
47166.jpg,civ-gha
47227.jpg,civ-gha
47157.jpg,civ-gha
47390.jpg,civ-gha
47446.jpg,civ-gha
47324.jpg,civ-gha
47474.jpg,civ-gha
47772.jpg,civ-gha
47319.jpg,civ-gha
47509.jpg,civ-gha
47198.jpg,civ-gha
47597.jpg,civ-gha
47349.jpg,civ-gha
47473.jpg,civ-gha
47260.jpg,civ-gha
47702.jpg,civ-gha
47421.jpg,civ-gha
47221.jpg,civ-gha
47629.jpg,civ-gha
47264.jpg,civ-gha
47393.jpg,civ-gha
47773.jpg,civ-gha
47596.jpg,civ-gha
47415.jpg,civ-gha
47774.jpg,civ-gha
47422.jpg,civ-gha
47834.jpg,civ-gha
45833.jpg,civ-gha
47665.jpg,civ-gha
47351.jpg,civ-gha
47482.jpg,civ-gha
47666.jpg,civ-gha
47534.jpg,civ-gha
47563.jpg,civ-gha
47684.jpg,civ-gha
47667.jpg,civ-gha
45112.jpg,civ-gha
47354.jpg,civ-gha
47672.jpg,civ-gha
47229.jpg,civ-gha
47533.jpg,civ-gha
47445.jpg,civ-gha
47632.jpg,civ-gha
47508.jpg,civ-gha
47031.jpg,civ-gha
47258.jpg,civ-gha
47167.jpg,civ-gha
47439.jpg,civ-gha
47131.jpg,civ-gha
39428.jpg,civ-gha
47668.jpg,civ-gha
47391.jpg,civ-gha
47761.jpg,civ-gha
47630.jpg,civ-gha
47320.jpg,civ-gha
47321.jpg,civ-gha
47633.jpg,civ-gha
47703.jpg,civ-gha
47565.jpg,civ-gha
47323.jpg,civ-gha
47670.jpg,civ-gha
47564.jpg,civ-gha
47060.jpg,civ-gha
47631.jpg,civ-gha
39232.jpg,civ-gha
47032.jpg,civ-gha
47252.jpg,civ-gha
47132.jpg,civ-gha
77128.jpg,irn-irq
76084.jpg,irn-irq
77002.jpg,irn-irq
76835.jpg,irn-irq
76852.jpg,irn-irq
76838.jpg,irn-irq
78437.jpg,irn-irq
78415.jpg,irn-irq
77677.jpg,irn-irq
79323.jpg,irn-irq
77376.jpg,irn-irq
77741.jpg,irn-irq
76384.jpg,irn-irq
78779.jpg,irn-irq
77834.jpg,irn-irq
1827.jpg,wal-nir
17243.jpg,unknown
17156.jpg,unknown
19924.jpg,unknown
17148.jpg,unknown
17249.jpg,unknown
17272.jpg,unknown
17341.jpg,unknown
17338.jpg,unknown
17008.jpg,unknown
20557.jpg,unknown
17289.jpg,unknown
17348.jpg,unknown
16716.jpg,unknown
16663.jpg,unknown
17282.jpg,unknown
21259.jpg,unknown
17618.jpg,unknown
17360.jpg,unknown
18278.jpg,unknown
18279.jpg,unknown
16717.jpg,unknown
17488.jpg,unknown
98087.jpg,unknown
44830.jpg,zam-cod
2153.jpg,zam-cod
31961.jpg,cod-eqg
32997.jpg,cod-eqg
32564.jpg,cod-eqg
93403.jpg,cro-por
91608.jpg,cro-por
92214.jpg,cro-por
91609.jpg,cro-por
92349.jpg,cro-por
63061.jpg,tot-che
62642.jpg,tot-che
87341.jpg,irq-uae
89096.jpg,irq-uae
87995.jpg,irq-uae
88923.jpg,irq-uae
87046.jpg,irq-uae
88308.jpg,irq-uae
88380.jpg,irq-uae
88961.jpg,irq-uae
89811.jpg,irq-uae
87653.jpg,irq-uae
88238.jpg,irq-uae
86743.jpg,irq-uae
89383.jpg,irq-uae
86716.jpg,irq-uae
88612.jpg,irq-uae
89528.jpg,irq-uae
87975.jpg,irq-uae
87047.jpg,irq-uae
88461.jpg,irq-uae
87943.jpg,irq-uae
89106.jpg,irq-uae
87616.jpg,irq-uae
89387.jpg,irq-uae
87944.jpg,irq-uae
88411.jpg,irq-uae
88319.jpg,irq-uae
80997.jpg,kor-irq
81838.jpg,kor-irq
80996.jpg,kor-irq
79431.jpg,kor-irq
80057.jpg,kor-irq
81695.jpg,kor-irq
79429.jpg,kor-irq
80589.jpg,kor-irq
80999.jpg,kor-irq
82114.jpg,kor-irq
82137.jpg,kor-irq
80998.jpg,kor-irq
79428.jpg,kor-irq
82046.jpg,kor-irq
98764.jpg,rou-alb
15010.jpg,rou-alb
99262.jpg,rou-alb
98934.jpg,rou-alb
99931.jpg,rou-alb
98527.jpg,rou-alb
98407.jpg,rou-alb
14857.jpg,rou-alb
99425.jpg,rou-alb
98944.jpg,rou-alb
99841.jpg,rou-alb
41619.jpg,tun-cpv
43104.jpg,tun-cpv
23935.jpg,tun-cpv
44443.jpg,tun-cpv
45477.jpg,civ-gha
39717.jpg,civ-gha
39303.jpg,civ-gha
39305.jpg,civ-gha
39716.jpg,civ-gha
47350.jpg,civ-gha
47637.jpg,civ-gha
45766.jpg,civ-gha
47107.jpg,civ-gha
47117.jpg,civ-gha
47263.jpg,civ-gha
47468.jpg,civ-gha
47606.jpg,civ-gha
38814.jpg,civ-gha
39714.jpg,civ-gha
12840.jpg,chi-per
77280.jpg,irn-irq
79032.jpg,irn-irq
76879.jpg,irn-irq
79031.jpg,irn-irq
77294.jpg,irn-irq
77810.jpg,irn-irq
78267.jpg,irn-irq
76843.jpg,irn-irq
76413.jpg,irn-irq
78506.jpg,irn-irq
76113.jpg,irn-irq
77699.jpg,irn-irq
77740.jpg,irn-irq
1176.jpg,wal-nir
67717.jpg,svk-eng
17235.jpg,unknown
59230.jpg,unknown
20743.jpg,unknown
32832.jpg,unknown
18342.jpg,unknown
21603.jpg,unknown
49210.jpg,unknown
54155.jpg,unknown
98012.jpg,unknown
20724.jpg,unknown
17267.jpg,unknown
17553.jpg,unknown
47039.jpg,unknown
21640.jpg,unknown
10518.jpg,unknown
21064.jpg,unknown
43669.jpg,unknown
20772.jpg,unknown
17204.jpg,unknown
57384.jpg,unknown
21278.jpg,unknown
20741.jpg,unknown
17614.jpg,bra-ger
18860.jpg,bra-ger
60652.jpg,swa-mun
60647.jpg,swa-mun
95368.jpg,isl-aut
97366.jpg,isl-aut
96550.jpg,isl-aut
95263.jpg,isl-aut
54726.jpg,ger-fra
86244.jpg,ger-fra
86245.jpg,ger-fra
46403.jpg,ger-fra
63159.jpg,tot-che
86853.jpg,irq-uae
87469.jpg,irq-uae
87914.jpg,irq-uae
87566.jpg,irq-uae
89385.jpg,irq-uae
87468.jpg,irq-uae
88576.jpg,irq-uae
88613.jpg,irq-uae
88390.jpg,irq-uae
88575.jpg,irq-uae
87473.jpg,irq-uae
88286.jpg,irq-uae
87475.jpg,irq-uae
89808.jpg,irq-uae
89891.jpg,irq-uae
89384.jpg,irq-uae
88382.jpg,irq-uae
88875.jpg,irq-uae
87474.jpg,irq-uae
86506.jpg,irq-uae
88573.jpg,irq-uae
87471.jpg,irq-uae
88574.jpg,irq-uae
89781.jpg,irq-uae
86564.jpg,irq-uae
88398.jpg,irq-uae
79974.jpg,kor-irq
79518.jpg,kor-irq
81835.jpg,kor-irq
81048.jpg,kor-irq
79430.jpg,kor-irq
80478.jpg,kor-irq
82528.jpg,kor-irq
82680.jpg,kor-irq
82386.jpg,kor-irq
80082.jpg,kor-irq
80372.jpg,kor-irq
82407.jpg,kor-irq
81194.jpg,kor-irq
99723.jpg,rou-alb
41779.jpg,tun-cpv
45597.jpg,civ-gha
47556.jpg,civ-gha
47049.jpg,civ-gha
45733.jpg,civ-gha
47116.jpg,civ-gha
78471.jpg,irn-irq
78526.jpg,irn-irq
21040.jpg,irn-irq
76083.jpg,irn-irq
77876.jpg,irn-irq
77833.jpg,irn-irq
78417.jpg,irn-irq
78435.jpg,irn-irq
21042.jpg,irn-irq
68524.jpg,svk-eng
67994.jpg,svk-eng
15116.jpg,unknown
40032.jpg,unknown
17201.jpg,unknown
21238.jpg,unknown
15070.jpg,unknown
15022.jpg,unknown
21952.jpg,unknown
75506.jpg,unknown
11632.jpg,unknown
25195.jpg,unknown
70810.jpg,unknown
20093.jpg,bra-ger
20250.jpg,bra-ger
61466.jpg,swa-mun
94864.jpg,isl-aut
95740.jpg,isl-aut
96740.jpg,isl-aut
95320.jpg,isl-aut
54737.jpg,ger-fra
53836.jpg,ger-fra
56037.jpg,ger-fra
91829.jpg,ger-fra
32050.jpg,cod-eqg
93104.jpg,cro-por
74080.jpg,cry-mnu
88714.jpg,irq-uae
86507.jpg,irq-uae
87632.jpg,irq-uae
87389.jpg,irq-uae
88391.jpg,irq-uae
89888.jpg,irq-uae
86505.jpg,irq-uae
89334.jpg,irq-uae
88383.jpg,irq-uae
88416.jpg,irq-uae
89147.jpg,irq-uae
87472.jpg,irq-uae
87976.jpg,irq-uae
87618.jpg,irq-uae
88956.jpg,irq-uae
81257.jpg,kor-irq
81925.jpg,kor-irq
80540.jpg,kor-irq
82286.jpg,kor-irq
79675.jpg,kor-irq
99695.jpg,rou-alb
98302.jpg,rou-alb
4974.jpg,hun-bel
53586.jpg,eng-wal
54811.jpg,eng-wal
47212.jpg,civ-gha
47047.jpg,civ-gha
38812.jpg,civ-gha
38811.jpg,civ-gha
12839.jpg,chi-per
31381.jpg,chi-per
12836.jpg,chi-per
79301.jpg,irn-irq
76118.jpg,irn-irq
78101.jpg,irn-irq
78091.jpg,irn-irq
77550.jpg,irn-irq
41776.jpg,tun-cpv
43091.jpg,tun-cpv
68523.jpg,svk-eng
98085.jpg,rou-alb
73098.jpg,rou-alb
44829.jpg,tun-cpv
55837.jpg,ger-fra
21699.jpg,isl-aut
44828.jpg,tun-cpv
44811.jpg,tun-cpv
24401.jpg,tun-cpv
79305.jpg,irn-irq
47177.jpg,tun-cpv
78872.jpg,irn-irq
79315.jpg,irn-irq
81602.jpg,kor-irq
82050.jpg,kor-irq
68843.jpg,svk-eng
68679.jpg,svk-eng
24288.jpg,tun-cpv
68849.jpg,svk-eng
24289.jpg,tun-cpv
42195.jpg,tun-cpv
99338.jpg,rou-alb
68640.jpg,svk-eng
80098.jpg,kor-irq
68839.jpg,svk-eng
95625.jpg,isl-aut
68847.jpg,svk-eng
76872.jpg,irn-irq
89756.jpg,irq-uae
12147.jpg,chi-per
31880.jpg,cod-eqg
42196.jpg,tun-cpv
79306.jpg,irn-irq
12838.jpg,chi-per
44805.jpg,tun-cpv
12066.jpg,chi-per
68278.jpg,svk-eng
54013.jpg,ger-fra
50964.jpg,rou-alb
68850.jpg,svk-eng
29879.jpg,tun-cpv
41618.jpg,tun-cpv
78416.jpg,irn-irq
80088.jpg,kor-irq
46082.jpg,tun-cpv
43842.jpg,tun-cpv
13585.jpg,rou-alb
34608.jpg,tun-cpv
66744.jpg,svk-eng
34034.jpg,civ-gha
42080.jpg,tun-cpv
17223.jpg,tun-cpv
79667.jpg,kor-irq
13542.jpg,rou-alb
41620.jpg,tun-cpv
25484.jpg,rou-alb
12067.jpg,chi-per
44807.jpg,tun-cpv
97303.jpg,rou-alb
68683.jpg,svk-eng
84610.jpg,irq-uae
97968.jpg,rou-alb
84604.jpg,ger-fra
76942.jpg,irn-irq
44809.jpg,tun-cpv
12068.jpg,chi-per
14930.jpg,rou-alb
68239.jpg,svk-eng
79407.jpg,irn-irq
54145.jpg,eng-wal
67283.jpg,svk-eng
41617.jpg,tun-cpv
41446.jpg,arg-par
24233.jpg,tun-cpv
68645.jpg,svk-eng
44808.jpg,tun-cpv
50033.jpg,isl-aut
32061.jpg,cod-eqg
54269.jpg,eng-wal
68639.jpg,svk-eng
